publicAddress,cluster,feature1,feature2
0x001c3b137c68f592952b82786096148390e9030d,0,-2.1308476757712227,2.3907157219651904
0x009c32960e474117d85fab65494729395c0959cf,2,-2.1781320397205164,-1.367980398924249
0x00a65468ce2bfc7365269ea2f39cc24ade522610,2,-2.1781320397205164,-1.367980398924245
0x01cf9fd2efa5fdf178bd635c3e2adf25b2052712,2,4.5000394182861445,0.40611683151989847
0x01f761805c90bc8abfaf504075afdb87e1e5dc08,3,12.399833847582395,-2.633279798149594
0x0293ed4e715200549ad47e0abfb4df209608084f,2,-2.1781320397205164,-1.3679803989242447
0x02fef05e6e12ed6d6f082fa01cbb9907ea0934e0,2,-2.1781320397205164,-1.3679803989242447
0x03d66c06177276c6cb1c410d8b77c0a628deffc1,3,16.73244463194886,1.13772489731948
0x03f11c7a45ba8219c87f312eecb07287c2095302,0,-2.0213906493303355,2.776482200504011
0x04361fd40c3e1eacb48a7155fa41f0a62189d111,2,-2.1781320397205164,-1.3679803989242447
0x046d7b246f6ccb99d161775dc7ca8a09670886b7,0,-1.8564762685861549,1.744548724165929
0x048093338957ead2abeee66b1fe838766658471f,3,14.922211226787107,-1.3264880339547656
0x0505d307622942e61ff04b12e86dd108d6e57f82,2,-2.1781320397205164,-1.3679803989242447
0x0511cebaac4343200f0ade0a4e112926599dd2ca,0,-1.9513234452006452,2.804838156185456
0x054becf10c79afa4e60f75b187837be9fb83867d,3,13.169959326592805,-2.174763075460782
0x05992a9b0b81dacd2e9debfe659f4a9084e8d7b7,0,2.8833779048089596,3.0519722186939475
0x05bd5b09e673405e671493b24ecbf43188d5d4c3,0,-1.720984992251675,2.397006270348192
0x05dd7ade6fd702820f345a5f97a4e5fb7c77e2d9,2,-2.1781320397205164,-1.3679803989242447
0x05e3bd68309213d1a1beb1e57b9dffb4b60146ea,2,-2.1781320397205164,-1.3679803989242447
0x0607afee8271b6c51e49f805585660809f8a16a0,2,-2.1781320397205164,-1.3679803989242447
0x063d796708fd3a9a7c11db27cf8fd5bcebe4882a,0,-2.031551976494985,1.7191095043497426
0x067b9bbbbc42d2ab9b9ab6bb62646daf7f344a76,0,-2.027191414209234,1.6484377144065219
0x06f398ce76acc1fce97b7cab0eb2a96ba9230c9b,0,-2.0596827561404836,1.821949126323701
0x070341aa5ed571f0fb2c4a5641409b1a46b4961b,3,21.52883055632352,-0.03259055403029071
0x0713613d4aac9f674a37724d20646759c2fd465d,2,-2.1781320397205164,-1.3679803989242447
0x075ad246261a7bbb9451bb7a9909cc64f175a12a,0,-2.063879400779657,2.8850574456704194
0x07726d7e4ed80c8c64a8dd27e64f876bd4225744,2,-1.2854128526975859,-1.7320805051768757
0x0846622b399f0a2f64d907a2e6db3d44d8a4631c,0,-1.9917434093936277,2.904959183005534
0x084d31558ab5f1c67dfbf7df84119c6a9e09c913,2,-2.1781320397205164,-1.3679803989242447
0x08fe91ee1c04c190a2014b3f1972867a36e366ba,3,9.491206394911337,-0.36795647491721883
0x090928b9327258f9b12ed9dcb9f64fb00e37c872,0,-2.1061703209306204,2.6115197676078905
0x0929d4e094a47384d3039627ea362df3f28d96ec,2,-2.1709645913650846,-1.1421307042696038
0x0949172a0cf4d7c28693163c6cdde3fac2ec616e,2,-2.1781320397205164,-1.3679803989242447
0x09d4083ffd20d21acb9118465ad7c52ac8b548f7,0,-2.002199502595002,2.9798781227103754
0x09e2d406f1b599b1470169682355d119acd81cdf,2,-2.1781320397205164,-1.3679803989242447
0x09f7c30adaec6c736472ca01231f4242eb0ded8d,0,-2.051845547238273,2.8074268473097455
0x0a104d7876c1e8ecc33fd3cd23a0c552815e878c,2,-2.1781320397205164,-1.3679803989242447
0x0a81587230e839bc2846fe61dbe3bf8361d71612,2,-2.1781320397205164,-1.3679803989242447
0x0a9eeddaa65546ad35d3f0ac9e6f09575e4c9297,1,2.502363855984264,3.088587835724037
0x0b98721c78e2ba41d4d8e712d9871494968d06c7,2,-2.1781320397205164,-1.3679803989242447
0x0bd32cd640547cd7a5cb1563844b45be455f5a89,0,-2.1061703209306204,2.6115197676078905
0x0c6817009b36366ff2c16f027fcf613f41084c74,2,-2.1781320397205164,-1.3679803989242447
0x0dff17cbc5f07259504274fa0b59a2f29605f25a,0,-2.054129731350957,1.7882230299520168
0x0e15eded1e50a3c0f45e5677b3ca96fbdcdb26d7,0,-1.9441336208971953,2.107650015929352
0x0eb5b03c0303f2f47cd81d7be4275af8ed347576,3,16.141127876677576,-0.7280024535397033
0x0edd459a36bec373b478bdb2b183b73d57bbe811,2,-2.1781320397205164,-1.3679803989242447
0x0f0ff3b82a0bf395f067dd76cebc905c3b112a82,0,-0.6999167962510923,0.7172009699337923
0x0f1bce907acfd7b2bde4190310bcd01b31f13cf5,2,-2.1781320397205164,-1.3679803989242447
0x0f2831c01dfe9f7d868ad8a1f0ab835b1e23427b,2,-2.1781320397205164,-1.3679803989242447
0x0f57b28cccb99b0a2bd4a8f67f9bdc13c56ef0bb,2,-2.1781320397205164,-1.3679803989242447
0x0fe4852b9c85d4096ee4dd54bae7ba8a437f2648,0,-2.048106782618102,2.175128048480981
0x1018142957a9509f0f0f69c1d380a369ace15db3,0,-1.9211306263766572,2.895981798727758
0x102bfc92c2eae4b40ee319ebbdbc3c73bfc05d2f,2,-2.1781320397205164,-1.3679803989242447
0x1053f0ea68ba3b49fa00c477ff664f5d5514a121,2,-2.1781320397205164,-1.3679803989242447
0x113b84cda038587f0e7a5e6bdb74cb03cfcc4f23,2,0.9637987089296894,-0.8160067858644132
0x11b9b759d5817543dbbe0b011429c8346e7d220e,2,-2.1781320397205164,-1.3679803989242447
0x11cc2d099c210023e6e9cc73eef7e01d2cfc3bf1,2,-2.1781320397205164,-1.3679803989242447
0x11cd09a0c5b1dc674615783b0772a9bfd53e3a8f,0,-1.070339017073688,1.8363713374890975
0x121da5283045528c4792987a659d53eac597cf49,2,-2.1781320397205164,-1.3679803989242447
0x12eb8d122602f2fac0a1069a687f7fd0fdad378f,2,-2.1781320397205164,-1.3679803989242447
0x130b166d0866381ce580c0211de5ae0c4902660e,0,-2.1363893990107212,1.6743049350280523
0x13bdae8c5f0fc40231f0e6a4ad70196f59138548,2,3.2500985066995494,-1.2206210674239073
0x14df32096f49f699744ee43f608bc6baba5c493d,2,-2.1781320397205164,-1.3679803989242447
0x150c1a37f58c976160e7933fc474dc8a5390ff1e,0,-1.9687099233345493,2.222923073999882
0x1602e644d80036ee566e7893bce6009fe63db47a,2,5.578220424551936,-2.8074960667250144
0x16a5332c43df0671b76bc99808c07dda871eb1b9,0,-2.0000769571334924,2.836464655410074
0x17296956b4e07ff8931e4ff4ea06709fab70b879,3,11.928955189400591,-2.77274971204834
0x17ae398aef4c0227601bb40675e81e08df4f59de,0,-2.122360891654341,2.3105720860770593
0x1832b6c9ccfc0fc0f685acad7392e3d791be655d,2,-2.1781320397205164,-1.3679803989242447
0x18b057d9139aabd393e3e604778cfdbacf23f488,2,-2.1781320397205164,-1.3679803989242447
0x18bf1a97744539a348304e9d266aac7d446a1582,3,12.604466091695217,-0.17550357166502126
0x18f770b020f583e44010984740003c6aa3699a6d,2,-2.1781320397205164,-1.3679803989242447
0x19046ee4e8e784e53189736588df138336ab8776,3,16.059932989071534,1.4621237022379268
0x190473b3071946df65306989972706a4c006a561,1,17.72448959015681,-0.02962350466449892
0x19d085e5e5c75a728a3c6e7e5d23f1bd3cde02f7,2,-2.1781320397205164,-1.3679803989242447
0x19d623106aa9da781958b360aaf971dcb7c2dc6d,0,-2.0311465060918508,2.802066431782654
0x19f94112c8895e29416488395ab354d186bba9e7,2,-2.1781320397205164,-1.3679803989242447
0x1a1f16a7e365e25870bb2059d46bd8f31cbfda1b,2,-2.1781320397205164,-1.3679803989242447
0x1a385157cb63319218c12a34dd3e42772b1625e4,2,-2.1781320397205164,-1.3679803989242447
0x1b25a971e03fa7f138ff3948f934d027c862a6e8,2,-2.1781320397205164,-1.3679803989242447
0x1b686ee8e31c5959d9f5bbd8122a58682788eead,3,16.934678317944567,-1.5844285076291054
0x1b6e18c3ea54e642225c65018e7379e52d9c7880,2,-2.1781320397205164,-1.3679803989242447
0x1bb76fa4d8075ba041da9e7b99dd319df1ee8243,0,-1.8224138193511727,2.6318677766872924
0x1c4e90fc8bdade442aed58f8011db5a17a2e7199,0,-2.002199502595002,2.9798781227103754
0x1c6688b239701f2ace402488de5ee09e88c321c2,2,-2.1781320397205164,-1.3679803989242447
0x1cab094a72631a1f657dc934faf8d39797fd111a,2,-2.1781320397205164,-1.3679803989242447
0x1cabc3e62e0527cbe09917f5ca8e6d9999502d82,0,-1.9458079812172777,2.6751777530849825
0x1cce3542f15bd8d9a768b7d534daaf0484c200ad,2,-2.1781320397205164,-1.3679803989242447
0x1d0f6a5f3c1d50ef16d03ab1c00352274cba8481,0,-1.5737809952116968,1.7528207262239992
0x1d6950d9df100d7a848786465bf98b255a78fd70,0,-1.9562996338021843,2.801575644547825
0x1dab8da475acce5ef82dc6a0ab21cf758f18a8b8,0,-1.8488810237220936,0.9335653403737257
0x1ddb807fd7df01e7840ebd138f59384c3e45af4d,2,-2.1781320397205164,-1.3679803989242447
0x1e11136a206946842864fe0df0b44b0174564369,2,-2.1781320397205164,-1.3679803989242447
0x1e782c41e14c8c174b34994002c96ca30e3d6ce4,2,-2.1781320397205164,-1.3679803989242447
0x1ed5b02e91a6562315239d741111e48903a1267a,0,-1.9321512876463096,1.9109955021391993
0x1f99b2df41969c0b88517b55bf0426dd2ecf977c,3,16.801741760705568,-0.5723302132239397
0x1fc52abbc9ef71040cf849a366ae32ea9802408d,2,-2.1781320397205164,-1.3679803989242447
0x1fef78164e715fbe63edac5f5bfdff48ae345a80,0,-2.063879400779657,2.8850574456704194
0x20be6188fb5ffc6c8bf8dc8d9e865b6ffcb9d1d0,2,-2.1781320397205164,-1.3679803989242447
0x20cad8524b79e14b1e682aedda4f85fe8f63a3cf,2,-2.1781320397205164,-1.3679803989242447
0x2142bcaa4b3e36634e7082c36364254de7c17bf1,2,-2.163955117014697,-0.912923266901093
0x2165ecc0c8c9d1efd33ce20017c0f811ad9d820c,2,-2.1781320397205164,-1.3679803989242447
0x225bc778ff20a3b50a06e9a2ffadf7ccd5d7728e,0,-2.157181109176267,1.2952965259944715
0x22aa1f4173b826451763ebfce22cf54a0603163c,3,11.20557290226127,1.686139314128033
0x22b98bd46a95ba46a7d53845b3ff252c15b5870f,0,-2.0152716405983853,2.806626032138563
0x22b99210a42dbd3e4ac09f8c9cd3ba8a12a3e2ca,2,-2.1781320397205164,-1.3679803989242447
0x22d877d019b77d3fed10709c8bf9b519b171c336,0,-2.130216143020119,2.534196982347446
0x2343c228d0d4974e0827db3ab07572979f26c09e,3,13.786684151866012,-0.27811267077722046
0x238fbe42ce7769f80e5d18d795b9e68ceaa6365e,2,-2.1781320397205164,-1.3679803989242447
0x248ce1952fc3db825e215ceb9716b97f90bbc03b,2,-2.1781320397205164,-1.3679803989242447
0x250b77a19f7470700f6a24a77e4b5e742bebcb27,2,-2.1781320397205164,-1.3679803989242447
0x252c90f39adde03a89941c5b52ab90552ecd4d0a,2,-2.1781320397205164,-1.3679803989242447
0x25cc275cfe3cce1700e816e00d4cd1f60872038a,3,14.930588629238182,-1.23183868530528
0x25e6bc33060c1fee8e08532d0c1c32c4cbf10e2c,3,13.72844236599137,-1.0717056507841254
0x25ef8a586af0b7a9897585d68f675e11f94e27ab,2,-2.1781320397205164,-1.3679803989242447
0x2632807f5a0b495a7afed961ab126c1661af2318,3,13.42184067508939,1.8878447348910323
0x26f69926df1b49e711af333a016929cd03b8385a,2,-2.1781320397205164,-1.3679803989242447
0x2726e7748f6c2de185b86556c61b26b6a446c249,2,-2.1781320397205164,-1.3679803989242447
0x273de0d6ea21fb09c6921dc13e8ed93443f556b2,2,-2.1781320397205164,-1.3679803989242447
0x274af8fc6f6322648a7d5b77697a9f03ef93a8ed,2,-2.1781320397205164,-1.3679803989242447
0x279952dd0a2f6f4e7ff84dbe23b4565e6ed0416e,2,-2.1781320397205164,-1.3679803989242447
0x27de2e1da85c867bbeb4dcd4075af6b8424a0579,2,-2.1781320397205164,-1.3679803989242447
0x28177b138fdec353c1da1858798c52ac0be0a0a8,0,-2.027191414209234,1.6484377144065219
0x28732605fbab2b5a19e3ceeb5f1ee248103a4195,2,-2.1781320397205164,-1.3679803989242447
0x28e1de0d1be8dcc43a589e459eab13d1e44732b7,2,-2.1781320397205164,-1.3679803989242447
0x294fd17c700331aad5cc480400050e1005d2c531,0,-1.0319318914021336,2.963565802307117
0x297903a7b4181fccb3a5673ef62a30100113b33e,0,-2.117596264777506,2.5912104709780595
0x2a23d0650db1c536e71aeb63ecd3daa0b52e66e1,0,-1.8651506263825304,2.842499489422584
0x2a26c459413bc498959d269ff15a2ff4c451b6b9,2,-2.1781320397205164,-1.3679803989242447
0x2abc39e3f34ff520cdea914fdff23d6f03b9f14d,2,-2.1781320397205164,-1.3679803989242447
0x2b0648f02205bae505ed50c96d34269014327d26,2,-2.1781320397205164,-1.3679803989242447
0x2b28950d07a765fb1452741c8655768ed32eade6,0,-1.9944671350159429,2.244246389421078
0x2bf8f3b0dd87aced3d5abeccbf1293fb6fbc3e6a,2,-2.1656055065318323,-1.110461587157457
0x2d8c3539bf1dc0b8ec173a31e42e699d5ca023ec,2,-2.1781320397205164,-1.3679803989242447
0x2d8ea9bcf57a8456085947ab4752f3f9104fc7db,0,1.5727172027141805,2.623432031875033
0x2dc4f473de71cdae3f1f22fd25397f49578fbb13,2,-2.1781320397205164,-1.3679803989242447
0x2e0848959e9f08989a46a173edade7a7778a4325,2,-2.1781320397205164,-1.3679803989242447
0x2e3bef6830ae84bb4225d318f9f61b6b88c147bf,1,0.9069121057351862,1.3486806409577143
0x2e7079b69947e40fd92ecc8bc74ccf7968bd3600,2,-2.1781320397205164,-1.3679803989242447
0x2ea5e9e452f85f55be47504153f25740a5f3d78a,3,17.830073034964606,-1.701943062661525
0x2eaba39265cd5a11fd5baee72a8a67c2dfcd5d96,2,-2.1781320397205164,-1.3679803989242447
0x2ef27b114917dd53f8633440a7c0328fef132e2f,0,-0.2256260039673902,1.8685408993362251
0x2f2588acd44253312b4a94bf6753be67514a5cc6,0,-2.0164109756941198,1.9937988321071374
0x2f8f5adb3a7ea90eb1dd0cd7d4df33736d235909,0,-1.9335209934854067,1.3635828374951384
0x2f9aa3ee2205351d52d08e682382f6143e304877,0,-2.072212948519522,2.8165629180749594
0x2fccc66ccc28fa29b86eee0bd0b1e95e00f620a9,2,-2.1781320397205164,-1.3679803989242447
0x306e8a592b72622c9b40128d1a60f06e17e066ee,2,-2.1781320397205164,-1.3679803989242447
0x3070feeafd678751c29171bacd0042fb370dee00,1,3.1037021168125243,-0.15415255696636432
0x3081f9e0e1bc984baf4ecfb446be17a733a58afb,2,-2.1781320397205164,-1.3679803989242447
0x30d5d30e43b6167a345f3d71d61673464e16d711,0,-1.9088424558883221,1.2824996366696626
0x3127e0d079e644526d5111687779bbbde8f8dd69,2,-2.1781320397205164,-1.3679803989242447
0x3131b71671380b6145067d3cfb0f2dec7d65ba6a,2,-2.1781320397205164,-1.3679803989242447
0x31d4dcc55abf901ace6e18188151113b9971740c,3,10.972840099969503,-0.8526298446288954
0x32707a8329c1da69a7af1cc1824ab90662c877fa,0,3.0286722101809143,0.8683830203288182
0x335c69b7bcabbf68edc44cf81234dbe451e57ad8,2,-2.1781320397205164,-1.3679803989242447
0x3391dadc80f5b4e54a1e32debfa39283b038ad7e,2,-2.1781320397205164,-1.3679803989242447
0x33f6ee932cea603fafd6854827259be172c91da4,0,-0.5764079323850491,0.7644732213773894
0x343f546d1cbad7ce1b2425d421191a636cb96623,2,-2.1781320397205164,-1.3679803989242447
0x3471884f189fd7c63fe8c83601d28ce0cc1b3853,0,-2.0888713123938882,1.5536170373665663
0x3474b429fd62caa34ee19ad7af89a7717262fa78,0,-0.3351384477758807,0.8478270214940249
0x34fc4134dc4956955164d8f7ec08d0f78955ac00,0,-1.7954310607166974,2.8244194007572743
0x3522ba9d3e34f34594799949cff7ca6c8a936cb6,2,-2.1781320397205164,-1.3679803989242447
0x354ecbe32dc67b194b4be7264c497a69b13e0698,0,-1.9226244407872823,2.2213559352605916
0x356d755219f883de0c2e60e43e65ae4569d7b896,2,-2.1781320397205164,-1.3679803989242447
0x3578b70559e7773ae5e45e7500f0f0ed49d4c8b8,2,-2.1781320397205164,-1.3679803989242447
0x35c2824bcde14c893d5a9a64a021057f6032e79d,2,-2.1781320397205164,-1.3679803989242447
0x35f1aa517efc0f7e5de34d7681e89fa67485d6d8,2,-2.1781320397205164,-1.3679803989242447
0x35fd7bb0ada471e8a02172652496269c86cb2b7c,2,-2.1781320397205164,-1.3679803989242447
0x361beddc8723862e5e574b64ce6630789ea050d9,2,-2.1781320397205164,-1.3679803989242447
0x36206bc0b8e79dbfce3343a4e9978373375a39ef,0,-1.780953972020322,2.558739463999811
0x367894907d569a9554afc4533e183073252362c3,0,-1.8542683146628332,2.1637946405743707
0x369fd35c35928b039302bd07ace0691b6d12d3a0,2,-2.1781320397205164,-1.3679803989242447
0x36d6bdac809826355078bb9b1cd0701faf1f2729,0,-2.002199502595002,2.9798781227103754
0x36ec6e7f516215767f02e35f24a3ac15cde2674d,0,-2.063879400779657,2.8850574456704194
0x375401dcf10e1385ea7114e6f1ac22104f1b56cc,0,-2.1474426914079308,2.3118199497301086
0x376412b355489890272fe48634eece98d0772305,2,-2.1781320397205164,-1.3679803989242447
0x3791eb1b27dd2234a8bc8d50ee34f9aba47a47c9,2,-2.1781320397205164,-1.3679803989242447
0x382cab376440f92d4943f8b47dd45645cf98be0c,3,17.084644038342464,-1.4826129971732194
0x386ea03773b0b22f8ea8d9d137b4504588b05da7,2,-2.1709645913650846,-1.1421307042696038
0x386f55fddbadf4920cc35920902215fe7ce94808,0,-1.7380336725129835,2.2043051249636787
0x38962d01b8d9a3b085f857502299f1e0dc87b373,2,-2.1781320397205164,-1.3679803989242447
0x3968ea698f93722fc0a49f36e2e0e75cea4bf3ac,2,-2.1781320397205164,-1.3679803989242447
0x39709063129fe3c86744c95c7120dbc8fed62ae9,2,-2.1781320397205164,-1.3679803989242447
0x397311cfdd3b71cf3c509c48421e30e13a15b1ab,2,-2.1781320397205164,-1.3679803989242447
0x39b52c3bdf8097227975189a39cc949488d249fa,2,-2.1781320397205164,-1.3679803989242447
0x39f7253a370e7d07e70dd60fc6a7d51806c0bda8,0,-1.30834590308373,2.663736298630243
0x39fb15fb1b75432400d694c2657c5494e8c3f2ba,2,-2.1781320397205164,-1.3679803989242447
0x3a010f5b4218bb3450b9879c555a3e5a25a15216,2,-2.1781320397205164,-1.3679803989242447
0x3a21763366d41dcfc2ec19c723583c21590a487c,2,-2.1781320397205164,-1.3679803989242447
0x3a6154998397441c7da755e93eecc2f2460be365,0,-1.8550922666277785,2.520471878061423
0x3aff5ae7a64450f96425c90c4ba928b9db8fbfc3,0,0.10798131690098334,2.532892624312015
0x3b162a6d106a088a91b385e488d8b867654ae1a8,2,-2.1781320397205164,-1.3679803989242447
0x3b25359018acbf4fd7d30c41ce13e756ad02214d,2,-2.1781320397205164,-1.3679803989242447
0x3b7336b6fb20ee9e8dc12cc909d0949f48162900,2,-2.1781320397205164,-1.3679803989242447
0x3bcf3da2d0a6d517a84118599fe6671e99e64e94,2,-2.1781320397205164,-1.3679803989242447
0x3bf053ca188be60e801fd9912118fa99979e7304,0,7.952250455140332,0.9524921344185807
0x3c5aac016ef2f178e8699d6208796a2d67557fe2,3,11.313857424958165,1.49187061471188
0x3cf690df86299c92847c5a261d8e6ef883f8f5c9,2,-2.1781320397205164,-1.3679803989242447
0x3d1846ea60001a3bc21438d76f3958422fe89adb,3,15.681490677997575,0.12768050381348764
0x3dc606ce9cca12196917a3267a8ae7008e018958,0,-1.2131817528932183,2.9381376375660078
0x3e63d6bf5dad192b12c469b68185687d512b8041,2,-2.1781320397205164,-1.3679803989242447
0x3edea247bc6eae810035bbffbb43975388dcb31a,2,-2.1781320397205164,-1.3679803989242447
0x3f205bebf5eb9ea67052a09b3f8557ac3db93294,0,-2.0856086597682637,1.5869064195276243
0x3f69813df36ad58529b715b11fce7cf767e373e4,2,-2.1781320397205164,-1.3679803989242447
0x3fb19771947072629c8eee7995a2ef23b72d4c8a,0,-1.950815033233782,2.337411078702033
0x400e3ab48b2ccd2420ec04ba0ee9c94bb54a0b1c,3,17.905911996910998,0.6691924951922453
0x404cb2bf470760621cfdfd327122a6afe051e402,2,-2.1781320397205164,-1.3679803989242447
0x40a7ec747750c616edd79b4678606ab638ab2653,2,-2.1781320397205164,-1.3679803989242447
0x4149dfbe618d83c80b0d4d537a7827f3d537b45c,0,-1.8660599584643391,2.119066329579905
0x41602aadc350f661b706dc8724e90737f3f3ecf7,2,-2.1781320397205164,-1.3679803989242447
0x41d2a18e1ddacdabfddadb62e9aee67c63070b76,0,-2.0472630574013135,2.7662531141952535
0x42bf8c0ab6f5c3853edd9fe86a0284e20a4b6f11,2,-2.1781320397205164,-1.3679803989242447
0x433d2ca99578ac36c995399014c816fe5becc17f,2,-2.1781320397205164,-1.3679803989242447
0x437d6078336e7662bd7124f2be8e28a02e340d43,2,-2.1781320397205164,-1.3679803989242447
0x43c0ceb490150328dccf9d6f17404592d0a247ed,0,-0.39238148547006146,1.8287880116604627
0x43d3938ebd74106e2d177f9a304c1e9f914f2b52,1,9.601596113374724,-1.3907867781635084
0x43e962af9403db42e398a6350b55ca95eb2d5562,2,-2.1781320397205164,-1.3679803989242447
0x44438d0638769f60e125ae0095d07152d00b148d,2,-2.1781320397205164,-1.3679803989242447
0x446ce5ac4e932a8595ecdf2dc18a1ce827c686f0,2,-2.1781320397205164,-1.3679803989242447
0x44bfd564126b69490184dfe7b8c438d4ae0f6032,0,-2.1308476757712405,2.3907157219651154
0x44cf64c614c560cfe27360e4f8ccd535ae218a85,2,-2.163955117014697,-0.912923266901093
0x44e39471c19835ebf88ff7884571ecb16f3a83ab,2,-2.1781320397205164,-1.3679803989242447
0x45070ff4d0955a27749f372dcdbbb00ca8a868ba,2,-2.1781320397205164,-1.3679803989242447
0x452145228d08553a6f6cdca8b5aedf81c7192dfd,2,-2.1781320397205164,-1.3679803989242447
0x461462fc0a8c05ffb5b5fe2e82b3a3ab292db23a,0,-1.895974890389597,0.3533902864415225
0x461d8b387e53cb7179c8a553e9c1999e423a917d,2,-2.1781320397205164,-1.3679803989242447
0x46ae497dbf344292fd22a420ab4e5e58e97c9730,0,-1.931543038295797,2.119675667965668
0x46d303066059cd961e6a48e11877d81fc4364431,2,-2.1781320397205164,-1.3679803989242447
0x477c9e9e5a7724911da86f39fce6a0d2d5f0cc63,2,-2.1709645913650846,-1.1421307042696038
0x47bdcf47753fbd125ac7a6305f550eb0362617f8,1,15.774915051168273,2.0813880241270954
0x47e98aa12db2017295d33e94002521820442f827,1,14.115001829754789,1.1992659762725504
0x47f7ea0dd4418aa1cec00786f5c47623ac37ba42,0,-2.0170814493243,1.5095583459679252
0x4809453c254609f86393728336014f69dfc745dd,0,-1.369858199251078,2.0810135420168208
0x482686ce4355740f4f32671120fad40714ec411f,2,-2.1781320397205164,-1.3679803989242447
0x48271a35a137266344e55b01cff003c4a5db9580,2,-2.1781320397205164,-1.3679803989242447
0x48325a312d7d91ce9278d977cbdf7ffd7a14abd1,3,14.957183226701291,1.55537903220616
0x488f7fc5d3a5b508073500862282c2436ade0140,0,-2.0109070571799017,1.720532821807662
0x48cd090c9e8a9954b0955c8b87754031d90c4955,0,-1.5471982216300182,2.822831766717195
0x4911c3b721ce31a597971f9a64a329daa4e48bed,2,-2.1781320397205164,-1.3679803989242447
0x4996273fca99ec49c7f08b5ed43770ff31395e45,2,-2.1781320397205164,-1.3679803989242447
0x49d7515f1a5f18f662d8fab07c12dda19df28182,2,-2.1781320397205164,-1.3679803989242447
0x4a4b8037b5566ea110b06bdb7dc7e24a9677e737,2,-2.1781320397205164,-1.3679803989242447
0x4ae3f2bc17f55c0285e814dc9a9c66bcf64b12b7,2,-2.1781320397205164,-1.3679803989242447
0x4b2fa2a08231ca3b02fca438326a3bc31f828c55,2,-2.1781320397205164,-1.3679803989242447
0x4babeb5d53969f77e9165f2b21b455d8084f9310,2,-2.1781320397205164,-1.3679803989242447
0x4bca130d4d1387ec00705dc24e8eb63488136e71,0,-2.1204362476964227,1.1731242863351443
0x4bfe7b70c8af40b950d347c5699ad4e3041ea468,2,-2.1781320397205164,-1.3679803989242447
0x4c31412d604d0aa9a7c773f3ef0a65c22ae455f5,2,-2.1781320397205164,-1.3679803989242447
0x4c3402e8dc534a21b21509bf5c9739f92183a77b,0,-2.1308476757712405,2.3907157219651154
0x4c42de40af9713bc07a338ffc6d40bb57b54686b,2,-2.1781320397205164,-1.3679803989242447
0x4c894300dace47361f6d8c084f7295a2c26e094d,2,-1.6075578325760391,0.44394649477771964
0x4cec801df2c91c1780319afbab60cd645874821b,2,-2.1781320397205164,-1.3679803989242447
0x4cf100cce352029e726185980e4611de835d6c7b,0,-1.532753474451055,0.8075344785400901
0x4cf63894d10c12a6db4c07c3d064e845ce4ccb51,2,-2.1781320397205164,-1.3679803989242447
0x4d26bc95c771d1d0a5c5e76297c8f53ffe5f6c19,0,-2.1061703209306204,2.6115197676078905
0x4d88535301f606c534531415b8a7b3c5675c1fa3,0,-2.0391299520686545,1.891356292576268
0x4dd8b856934a7c0290aceea94979e529fc69e94f,2,-2.1709645913650846,-1.1421307042696038
0x4f54cab19b61138e3c622a0bd671c687481ec030,0,1.0670581604003742,2.737840747195073
0x4f5b9772bbab84c02d3ff034f05bcc42de58ece9,2,-2.1781320397205164,-1.3679803989242447
0x4f63b0a44fa6e95e784b713ff289a19cd4368c58,2,-2.1781320397205164,-1.3679803989242447
0x4f685b29514eed0c9d929386e86d9cd81981118b,0,-1.9725259112029763,2.3267155786736176
0x4facb92e4eba1b7c3f6889ed1afe55adcaf57f68,2,-2.1781320397205164,-1.3679803989242447
0x50cc0b9d3d8072c7f17d3a6df588a13cbb2bf684,2,-2.1781320397205164,-1.3679803989242447
0x5162728cc4d7d111400056925a1b3df82308bee0,1,7.070676716142578,2.665988762785895
0x5180db0237291a6449dda9ed33ad90a38787621c,0,-0.4900782266576869,2.7833114876071305
0x51d0a5cbe5666ad3eee303f0d16fcde9c5cd3009,0,-2.002199502595002,2.9798781227103754
0x51dac57bf6fdbdb6c327bc4340664762b75465e5,2,-2.1781320397205164,-1.3679803989242447
0x520a8ee6a79893108cdaab7a2cdcff314025151c,0,-2.034009009621485,2.790688083680253
0x522256099a6ee8a023286bd28a67ebde87eb411a,2,-2.1656055065318323,-1.110461587157457
0x52977dbd9ac55bb7c40fea6faf1509ed6367ed0a,0,-2.002199502595002,2.9798781227103754
0x52f6d6e1db786c8ce34a1c7bddeec27dfc231a16,0,-2.007308606411579,2.6075997344861586
0x5318f07a3a20a2f8bb0ddf14f1dd58c517a76508,1,2.360688175342272,1.425052105589059
0x533d1881892cf6f64a95277fe5b5d1e5fa62cbfb,2,-2.1781320397205164,-1.3679803989242447
0x5381ddf01be92199a21468c49cfe9b38904148f9,2,-2.1781320397205164,-1.3679803989242447
0x539629494be6b004d33d290e6243806750a3a2f4,1,2.803743301477521,1.3063284047034411
0x5452fb69e5190836818786e68c5e60f3c5b6c1ff,2,-2.1781320397205164,-1.3679803989242447
0x5468ce7e8da84b1df7ad4bf89fd2c0ab894c719f,0,-2.0366318140725244,2.8016758283908705
0x54b00aae51e8c8f022e420681da940ad08b780d4,0,-1.8386253193545414,1.7565413808818413
0x560b03b06ef02b24f994e470d949008cda5e1841,1,15.175337187654437,1.7752443017986343
0x563d27dd2e9f36157c658501222a7cb23f690c28,3,12.759643147684804,-0.9900785905566877
0x564796a47cded02269f7f50c1bf0abb85cdaf147,2,-2.1781320397205164,-1.3679803989242447
0x5666f50afd4d9c6e867167597a1a0286ed0b5455,2,-2.1781320397205164,-1.3679803989242447
0x56af52a9611afda072a73afd0e1ff4c4e35ee94a,0,-2.037634398607637,2.623671080131726
0x56e539b997230e77f341bc0f8721745fc720456c,2,-2.1781320397205164,-1.3679803989242447
0x56f78bcbaa57b075b849ad26b39af5fbcba8bf16,2,-2.1781320397205164,-1.3679803989242447
0x571752a4ee2e98e1d3e3df6a0befe648efacfda0,2,-2.1781320397205164,-1.3679803989242447
0x5723ed552095beabc785922ae5367528123b3d64,2,-2.1781320397205164,-1.3679803989242447
0x582f71f985c5cb149c0321121ae6a1924e6f92a1,2,-2.1781320397205164,-1.3679803989242447
0x583e3edc26e1b8620341bce90547197bfe2c1ddd,0,-1.8986200218864278,1.6656680145794427
0x587bace9a30834c156c8b8f866b4a740fb90d465,2,-2.1781320397205164,-1.3679803989242447
0x590bd7f22c15c877919d5cf0e93a5620bb2b5a58,2,-2.1781320397205164,-1.3679803989242447
0x59432168f899d62aea05ac53c654494c49f7b481,0,-1.0474146102929334,1.4291082382746212
0x598200a5244e5e7f27333ee1c222989371ad827b,2,-2.1781320397205164,-1.3679803989242447
0x5a1f5c5fca53f3fb33be4281048b3e78d8e5ba1c,2,-2.1781320397205164,-1.3679803989242447
0x5a35923ed6950eff4412ef6d27cea8b1d405a844,0,-1.8456614714042823,2.572000049247003
0x5a49d30d54d0f05b76b6e65f42d627da10eaf0c1,0,-2.0187012936482795,2.5877050863840854
0x5aaaef91f93be4de932b8e7324abbf9f26daa706,0,-2.0887397213630154,2.314441260473413
0x5ab0fdc6f0ca9ea178c95ceccf944a4ce1aedddd,1,3.7967474294294834,0.5931745757825735
0x5b191f5a2b4a867c4ed71858daccc51fc59c69c0,2,-1.2536663647964938,-0.7371004915666478
0x5b39c3907bd9db69b435a6cbf485915135ffffd6,0,-1.872347021054869,2.5642782432464317
0x5b53547414f8607d32a6e84af925362b045cf8bf,0,-1.9199515319953586,2.8266907062019713
0x5b6e889b05d5a23c8f1e19ed9e54b4f03df01c51,0,-1.9493209453008584,2.0442060729773095
0x5b9c7557968f61c191387ee5ab44c7c1fe2d1ca8,2,-2.1781320397205164,-1.3679803989242447
0x5be0fee0f748c1737793172d42c14e4810d2038e,1,1.0413138878853887,2.864304361121109
0x5d2ba830c549a4597c99561e57a2125e6f64860d,2,3.0146549044523634,-0.22794331992499814
0x5d30ea6d8eb2b0c2fa58b0df9d023cceca847893,0,-2.0057396286507703,2.5358138946758766
0x5d3f7dc2032c28234192b773296f2c18adf91f7d,2,-2.1781320397205164,-1.3679803989242447
0x5dc33acebe012b34c125c9ed0c36a0a214fd3dca,2,-2.1781320397205164,-1.3679803989242447
0x5dcd66a5306ad33d896d7d04d466bfa691d787f4,2,-2.1781320397205164,-1.3679803989242447
0x5dcdb571738493e2c1667bf4e06f1a772832f466,2,-2.1781320397205164,-1.3679803989242447
0x5e395c998487d6447ab8242ed93abe89ec7d2a49,0,-1.8968757077769625,2.105341751852409
0x5e44c82d0d886e4cc21ac10aa9f4c6a066ea6e2f,0,-2.002199502595002,2.9798781227103754
0x5e4a29bb78a4d6622b299ce10faa4a8353f6fa13,2,-2.1781320397205164,-1.3679803989242447
0x5edf621bc259b7bf920e1bd24ccd6dc01811b2f2,0,-1.916342612291722,2.81924629201432
0x5f367bf126fda56d88ba88a8978d5496c66b3569,3,13.99005261406238,-1.8266731712157747
0x5f38bb373dccb91ad9fd3727c2b9baf6df9332d3,3,10.597478269231612,-0.6835160834593762
0x5f54a7477dd5512cd4d1c4d33bb9002cb1b2b8e8,2,-2.1781320397205164,-1.3679803989242447
0x5f5ec4f83accc5ba176064dbfa67d6ac74c03af2,0,-1.919977931560656,2.6573400950927843
0x5f846843f1ecc6893dc67d4af8bf3ca4900b21be,2,-2.1781320397205164,-1.3679803989242447
0x5ff817a31c03828c9f8995fc8b70b2eab5e59acc,3,17.830073034964606,-1.701943062661525
0x5ffd23b1b0350debb17a2cb668929ac5f76d0e18,3,11.846166100592614,-1.280321186614246
0x60365500fc2b09d8ab6aff7dd444d0da0fe8059c,0,-1.931543038295797,2.119675667965668
0x604209fe610e6f0dc9e24e1f12b16d095cc53964,0,-2.0920697197038587,2.033281719919971
0x60cb76a84c56a09aa2d724bdfea3d60ceb7b236d,0,-2.1308476757712405,2.3907157219651154
0x610336e20ac62fa46bfc38d7488d66568252ae92,0,-1.662619694438438,0.7456077650661899
0x614a1a4415b9dab71dcf08db453ce6b01910460f,2,-2.1781320397205164,-1.3679803989242447
0x615492459f6710c84ad7f6802554beef99fb98a2,2,-2.1781320397205164,-1.3679803989242447
0x61c5c80bbba4634a3bb95da66256da7d68de5cf6,0,-2.116642704941087,2.1629767359571455
0x61e2629580247547175937b644d678f9f5903403,0,-2.024807611221757,0.5691537446717563
0x626c4cccddd354a61be39041b1a800267e93e85a,0,-2.1579357697758215,1.7610553452766489
0x62a43123fe71f9764f26554b3f5017627996816a,0,-1.6341421325478516,2.131518999778584
0x62d6e8c7c03d3fc6276d3a44977c2501593bb90a,0,-1.4684618280761708,2.6010721420240697
0x63a0e4cb6c4c3f372bd21352a68b3fcd9790d4b8,0,0.9972935240802788,0.8576704866037904
0x63a13c11cb3c7c92994984ff04484dbf9168a8fb,1,4.088145943415368,0.08757407812749383
0x6413d4895f486f149dd5944aec02a86614d0f1c6,2,-2.1781320397205164,-1.3679803989242447
0x6462cad3101fd0c84648a775a4ee27686c7036d1,2,-2.1709645913650846,-1.1421307042696038
0x64729472868ce70fd9fa4b7683a771b109f58186,2,-2.1781320397205164,-1.3679803989242447
0x648d0b6251ee4b3de8a2234e386f019c46f8ec9b,2,-2.1781320397205164,-1.3679803989242447
0x64ac697f84bcddfacab514f07dd147c6958a7915,0,-1.0796553501532409,-0.578212727453542
0x64f8e38e19c1b6992969dcd5769c149951018af1,0,-0.32882529693103624,0.6887450633362527
0x657c1421dcf3b969c39d2980b0e6bfe24455779c,2,-2.1781320397205164,-1.3679803989242447
0x660de6b1d5a9785f04ba96268d6c0eb7a631bed6,2,-2.1781320397205164,-1.3679803989242447
0x66666f0fb3aaf01b4a3558f1667db43a162b75de,2,-2.1781320397205164,-1.3679803989242447
0x66db074abc4e4cf7c8fef8988851126d5f530f0b,2,-2.1781320397205164,-1.3679803989242447
0x6792c4bdc1b45efa131ecca985a28ef5c4622e48,0,-1.982172999560634,2.4473075282772467
0x67e3ace9eb925f581630afe8591cead564f40b63,0,-2.0217117686747583,1.2943330379612759
0x67f5e368d28835a8f6b8e5576b1e17ae2ce24769,2,-1.6917878737192262,0.004097662583304115
0x6837c97a63f5f46bb2cd65ea22ab69b3d0ea33ae,0,-2.051446492199296,2.812087420767561
0x68a63825c61c341b2cb361ebb6b9c5632807036b,2,-2.1781320397205164,-1.3679803989242447
0x68a8e288e0e0f3e15efb7544fa483759e731fa88,2,-2.1781320397205164,-1.3679803989242447
0x695cabcf448ab75176a8c78bcad9fb815ee86b6c,0,-0.5757496211212585,2.6458762876173463
0x69bcd9550890b1ff4b6e50b696750f2122611c2e,0,-1.9192461716733593,1.4742964808547452
0x69c6bdcf4d778f406f1a86f41c0663e6a22fdd69,0,-2.075382561022231,2.6400195152883246
0x69d0341d380a1229f4751a0a721345dbc716586c,0,-1.9042286100136654,1.7460451629794025
0x69e14c30a3bf0ab162173c8975c1dc4146bdb134,2,-2.1781320397205164,-1.3679803989242447
0x6a21f4bf7d14cd7f2af217431d8c84a8ca92bc50,2,-2.1781320397205164,-1.3679803989242447
0x6a24af8bf45a44a27ede652d49afde2c69261fb0,2,-2.1781320397205164,-1.3679803989242447
0x6a26afb01ff57e827079658238858d55774ca2d5,0,-1.8040361971655123,1.2926291321276562
0x6a5cc02b7da4ad7db68688b92836ad10e053b1fe,0,5.3804090945718075,2.9894354452692258
0x6aa7531445c3d1c937de272f68f373c87611ad21,0,-1.8014786645149263,2.6437111556130715
0x6b3de22ec227d168dfaee06f1fc629b49eb73e60,0,-2.120292772057831,2.310668300035242
0x6c5bcf13a796111620d3ba74770b76b701212a4a,2,-2.1781320397205164,-1.3679803989242447
0x6cbe5a3bdf10150a5542ed4ee6bb21da7e66be79,2,-2.1781320397205164,-1.3679803989242447
0x6cc87c563694ce0c9ecc525d9acab7e4e279903c,0,-2.1130888824335172,2.3095965950614685
0x6cd08f886094b820b7f47ac1b8bbb841e4431757,0,-1.8045989202054724,0.6753274062850335
0x6cd2c2f27ff0f7b66e525ba69e846f780f464f2d,2,-2.1781320397205164,-1.3679803989242447
0x6d1505b998740a6587140bb1c4d6fd88a5b52edd,2,-2.1781320397205164,-1.3679803989242447
0x6d33ecd723155522d597682df1f0ac10e7d7d9ed,0,-2.031707943483194,2.3087703895738203
0x6d9d818153e2eb6b0756da9ab01aedf14768eece,2,-2.1781320397205164,-1.3679803989242447
0x6e2e4991ebc00841e10419065c966b613bc4a84b,0,-1.8824626102582482,2.756866169985666
0x6ea4c4e9f0711e790a062b4f3fb694030c94cf13,2,-2.1781320397205164,-1.3679803989242447
0x6eaad8a1600885ddc6ac74dcefa03434d7d8a767,2,-2.1781320397205164,-1.3679803989242447
0x6ec125070f95d9057e4761f8c8c66c34c6ae2d95,2,-2.1164521415358615,-1.2731597218842887
0x6f865efd8c0f64ffb59c3b15b328cf991b0c5de3,2,-2.1781320397205164,-1.3679803989242447
0x6f97bd1c212b13b44ba58f013ffba11cd5976cc5,2,-2.1781320397205164,-1.3679803989242447
0x6f9bb7e454f5b3eb2310343f0e99269dc2bb8a1d,3,14.88356101632909,-2.0589164900737638
0x6feef46ccb2ca1593f911323fe92ddaba5a392ce,2,-2.1781320397205164,-1.3679803989242447
0x7024785b74ef8f732a0f94b36904fc79f4b870ff,2,-2.1781320397205164,-1.3679803989242447
0x70bcb02a559c4f669830fa4a4a7e403d7cc42dde,0,-1.9238226175777966,2.7968817135808655
0x70dfbf4813899a72208c6400e121672b7e831889,1,21.09162539520469,-0.5406780283572185
0x70fb66bd5d308d4655cb637ed21d4058e33467d5,0,-1.4797805100354504,1.1413305120563566
0x71284c2b52aa9b833b806074875928de7f72ce79,2,-2.1781320397205164,-1.3679803989242447
0x71ea94fef7a10dae30e652c7d362c0e9decb851a,2,-2.1781320397205164,-1.3679803989242447
0x71f2358f261cd3e9b48c8ca11ab3d8376c82b2f6,2,-2.1781320397205164,-1.3679803989242447
0x71fcb55c7c7e43325c499e5f0041b917bf022e87,3,11.582671038801587,-0.726986890892995
0x725e74173d296177497f4c36bd1e51f009f69af3,2,-2.1781320397205164,-1.3679803989242447
0x729a9ff7af47d87e12b20e7061297509e7da3829,0,-2.0888713123938882,1.5536170373665663
0x72cb40a11781ff0149abb55a1adebe2407575030,0,-0.12885956154873016,0.9810773051915691
0x730727e3be31bfab3c05155d8d262e54e8840868,3,14.206785427092273,1.2242874859452222
0x731f51d9fdec350607676a8ada9dfa7cde1ed4a4,2,-2.1709645913650846,-1.1421307042696038
0x740f4464a56abe0294067f890d32c599bb0ccf0d,2,-2.1781320397205164,-1.3679803989242447
0x743838b70d381c7e97f4dedf670b7259e2b8c017,2,-2.1781320397205164,-1.3679803989242447
0x76330a035b5992e23174b56001383ce001074442,2,-2.1781320397205164,-1.3679803989242447
0x7640b5ff361a45249f12e8793ac17d91a0e76ece,0,-0.30292280248779857,1.900493858062987
0x7704c473a19666043de87f0a4ea7f941e83675ff,2,-2.1781320397205164,-1.3679803989242447
0x781f886c2be535446a9c5a64f0af4d1df88ee413,2,-2.1781320397205164,-1.3679803989242447
0x787e304fbc50c7d742c854cde47b49853a1404fb,2,-2.1781320397205164,-1.3679803989242447
0x78cb5192d3178bbcc8ba7704c99048d94e1f8bb9,3,16.806421509308393,1.3911124187235708
0x796de821f34d7985df1faaad2e4ce03b7b84b6c1,2,-2.1781320397205164,-1.3679803989242447
0x7973e953321f99cea25b3cceeeaa7d83da827d77,1,6.814533737961234,0.5241696864892631
0x79c4213a328e3b4f1d87b4953c14759399db25e2,1,6.257475995952721,1.5068574886620545
0x79ec651e503f243c4d5bc1d11c55d57f60cf1349,0,-2.1071495101636635,2.552339014551938
0x79fc15fde617f9b2032433878afae6f7ee525558,0,-1.9226972540670901,2.113214943485407
0x7a0f28264e889142311cb6a517ac5c2294c7d673,2,1.1123231527207074,-1.4682503353015781
0x7a382b19b632fdb1b04751be6b2778155dc50acd,2,-2.1781320397205164,-1.3679803989242447
0x7a67928bb379974768668d50ab991eefb5f08c0e,0,-2.0444904227459664,2.7063404446478465
0x7ad41e9d6e1fa47f1f6bcc63bd0327009590a47b,0,-2.0497787995528958,2.3068193979824985
0x7b079281642e06eb7e7d2967bc342ed6334506aa,2,-2.1781320397205164,-1.3679803989242447
0x7b0befc5b043148cd7bd5cfeeef7bc63d28edec0,1,2.2467889299440826,2.1906135113125393
0x7b48e3eef413cffc23589975d61addec626168d8,0,-1.8589805585080232,2.820908556429316
0x7d67a43715ff25cda113fe505df7309295be239c,0,-1.7721657283213448,1.0940062157768315
0x7d8fe788ed6a843f7525b8f16d087be1edab67dc,0,-2.064032850991715,2.573180643785789
0x7e2f397f195d837120f9eba19d22842d96421fa5,2,-2.1781320397205164,-1.3679803989242447
0x7ea31cc4c004048026a874c2eddbb652f6b8ddcd,0,-1.9655115160245784,1.743258391446477
0x7eeeaf1c3e28f260a3158e6e86ec2952789a2eb9,2,-2.1781320397205164,-1.3679803989242447
0x7f1156aa350982560653fed03ef0e285ef878b75,3,13.792090798670593,1.2185770352240677
0x80071b39aa896aa12240c5194e42661d671bdfb2,0,-0.39560790704275095,2.9415044693455434
0x805effe4724719f05a4922f481743fd08e919939,0,-1.9226244407872823,2.2213559352605916
0x8080c0bb1f95b695e4298517fa18884c3051e170,0,-1.654044436699438,1.4323930625904884
0x80b5da500b832ae5fca7514079375cc70ddbd20e,0,-1.5432111755715134,1.7768656154583904
0x80e3956ca71293e3ec1330f484060ff0672d8a48,2,-2.1781320397205164,-1.3679803989242447
0x815844b957f98449a4b14c6bee71483a24ac368b,2,-2.1781320397205164,-1.3679803989242447
0x81e237f4155570024d9a583f43d5c60e9a5cf1b2,2,-2.1781320397205164,-1.3679803989242447
0x82d3fe55eaa3023693151e9adf2aa91b1c09b21a,2,-2.1781320397205164,-1.3679803989242447
0x83023f8881c908636e6c115289e90a6c0e02edb4,2,-2.1781320397205164,-1.3679803989242447
0x8326d18edfc50b4335113c33b25116ec268ff3fe,0,-1.5734796983126176,1.7581308116325747
0x837e827a9c6f82f2dfb35045e21c823aea97e04c,2,-2.1781320397205164,-1.3679803989242447
0x839395e20bbb182fa440d08f850e6c7a8f6f0780,3,14.034741213165397,-1.5385039995474437
0x83cc1f5ed5f385817dfa73e8051d20501c940b7c,0,-2.0379239885086218,2.1851125091009824
0x83e3f24f4a37d3f29e98c7c1b95ab2ca8fddc437,2,-2.1781320397205164,-1.3679803989242447
0x840b747950cde5c57bb6d2a1f155f1f62020ce96,2,-2.1781320397205164,-1.3679803989242447
0x84269416924826c93749ef90a79be5ac890a1ac5,2,-2.1781320397205164,-1.3679803989242447
0x844c58e6cbb79e22b05b20849043c3a692ad8291,2,-2.1781320397205164,-1.3679803989242447
0x8456cfdf82193beb3d1d96bebc3fd7f9d1b9f8d7,2,-2.1781320397205164,-1.3679803989242447
0x8538c42b4b23620756251ab2c81fc8b1751285ee,2,-2.1781320397205164,-1.3679803989242447
0x8539eeecdf0b1363fa586b0a69f48be7115a555a,2,-2.1781320397205164,-1.3679803989242447
0x861f51a24b617c8fdc9d73745f5ba766cc5a1fe9,2,-2.1781320397205164,-1.3679803989242447
0x8638665b4702f5ee0d1cdbbdb164af373869ed79,2,-2.1781320397205164,-1.3679803989242447
0x866128ec50618f4af561c77a85793818b9358c76,2,-2.1781320397205164,-1.3679803989242447
0x86de9729921a7c370148998f7eae4046d2321b1a,2,-2.1781320397205164,-1.3679803989242447
0x8747d9eb39085f082ab40a9975001276296027dd,0,-1.7047494532399075,2.866019556047665
0x878e1a64eb6acf79de0952fc7c9270066eee2045,2,-2.1781320397205164,-1.3679803989242447
0x8805751ae8c85bd94f41212a936af46efcee6b0a,3,13.555356436447205,2.043648273017417
0x882c6e543b923b8b5829179493ac66001c8fcf8f,2,-2.1781320397205164,-1.3679803989242447
0x88bd639d6b029596b029c61490f29f57b0bf4a3f,3,17.66268425307515,-0.7080264570766047
0x88ce30f11723e38ffafa91a22462e57222433467,0,-0.6635930075203097,2.538446058936644
0x88e385def57004ec13a164f32c9e784594561072,0,-1.6502890361173732,0.6958739940596244
0x890e3efc04a9736bfaa012445033c1c56d6acf5f,2,-2.1781320397205164,-1.3679803989242447
0x8943366e2848833b52e1ff248c67dffbdf9661ea,2,-2.1781320397205164,-1.3679803989242447
0x89565b385468eb31cd0ea5baed3caeb026aae698,2,-2.1781320397205164,-1.3679803989242447
0x8b0a0df6c94b5ae8370c663fdedd35560b748063,2,-2.1781320397205164,-1.3679803989242447
0x8b7d79a679c10bed518fe905d764b4b7667f24de,0,-2.1061703209306204,2.6115197676078905
0x8bd206edce23246710544b1e746ad667735e5156,2,-2.1781320397205164,-1.3679803989242447
0x8c1e44e0f4f8ec6cbe0a246f3811b7c8598d723d,2,-2.1781320397205164,-1.3679803989242447
0x8c580556fdb1f57853e49f409ae9b89f7658e7a2,3,9.460664994610049,1.1581745503313052
0x8cbf7a00de4327f173c2a83ff8a6ff63ddadbcf2,0,-1.6594499453997726,0.9251479044359189
0x8cc5070af2df97e0927708c0e5a6891bfd465a05,2,-2.1781320397205164,-1.3679803989242447
0x8d13043a7eae37f1011b220ea73f67f8b1af361f,0,-2.0086451607833,2.8258722403616
0x8e22a4c2901da99777d76f80f29640fc81ae96bb,0,-1.550563461197234,0.6512159570382909
0x8e2cc5df66f8fc0d9ae491669b5444023548efa9,2,-2.1781320397205164,-1.3679803989242447
0x8e8175f7be6044f90143b0bbc0c021eb2d484002,2,-1.747722736087673,-2.6498633863156664
0x8e89f8713388328ac3c238f3f6ad5d3809bd82d0,2,-2.1781320397205164,-1.3679803989242447
0x8e8f1960f0815680fea6e892e5394188b2943124,2,-2.1781320397205164,-1.3679803989242447
0x8eef779818afa953b0652e45438423ebe089f55a,3,17.457205360692186,-1.3351479922776164
0x8f53f4063b085a848d591eab77a95f1622cedab5,2,-2.1781320397205164,-1.3679803989242447
0x8f73be66ca8c79382f72139be03746343bf5faa0,0,-0.6594878639570663,1.801627322044838
0x90a113fa8a09b77f2d42574f022e093878504a27,2,-2.1781320397205164,-1.3679803989242447
0x90b8a536feda94fad7acf064e26fd92b7c022086,2,-2.1781320397205164,-1.3679803989242447
0x91a55d0048f101083405e81f4b46c90bc7c3c45a,3,11.581534216258584,0.14955380003465796
0x91fceb63261d4e818527eb4cf3f4c80c61bfdbdb,2,-2.1781320397205164,-1.3679803989242447
0x92d9113c9ea4ead5df9cb2bbb521c21f6c54e4ad,2,-2.1781320397205164,-1.3679803989242447
0x92dfedff24c50cc5f3041647a85ba0801c0e5750,2,-2.1781320397205164,-1.3679803989242447
0x93771c1622e780a48d62333374ea743fa3d644d3,0,-2.045720937481049,2.8159599928057446
0x93e05619126b0e12f67c84308233c584fb7bac9e,2,-2.1781320397205164,-1.3679803989242447
0x93e45360f7e5b0b85d8e65dae9fa1a6f2af56819,0,-1.9676228035835217,2.832984629220132
0x9436a042cc25eb22b177dcfb480a30beafc3f66d,2,-2.1781320397205164,-1.3679803989242447
0x945d5bcda8dcd9cd8b221fd23cf4b6c0e7e50bd5,0,-2.0534429644191095,1.7214503620174693
0x9489a161c64cb241e69e354a036c9fe5e46ab35e,2,-2.1781320397205164,-1.3679803989242447
0x952c23f8f067a5e7e165ff0e42491f51d87dbc95,0,-1.800475303538306,0.8758783646551915
0x95467387bb892c9041593200c64eed3ceddd98ae,0,-1.991160363110267,2.209204622736756
0x95d8611b6134789a9a6b8b9abf4f7df55b8ef0b2,2,-2.1781320397205164,-1.3679803989242447
0x95d9bed31423eb7d5b68511e0352eae39a3cdd20,0,-2.1098594940825643,1.9721663796658409
0x9625c0a958ec0bed6275bf1267a2c6c82d58b8b7,2,-2.1781320397205164,-1.3679803989242447
0x96920079d702561785abfd8b658243bc7de75123,2,-2.1781320397205164,-1.3679803989242447
0x96cd3530fff53f61713e1cde40e9edd90d61fc24,2,-2.1781320397205164,-1.3679803989242447
0x96f54c46ccb45b7d4d348d0c62b4cc8262937540,2,-2.1656055065318323,-1.110461587157457
0x978982772b8e4055b921bf9295c0d74eb36bc54e,1,0.9655417173367478,2.551823852347424
0x978d8c34c31359393e69124307128f156dbb2d64,2,-2.1781320397205164,-1.3679803989242447
0x9808e45c613eba00ba18fb3d314dc4d4712c4a85,1,1.103844998071365,2.4188843841570766
0x98c284dd6dc7b6928c4c5354beebefc1fbd2c638,2,-2.1781320397205164,-1.3679803989242447
0x98c366dbe6d98a2d6a3ed471608921b03f3abcca,3,14.258236416118624,0.40334788960238693
0x99060737c0655b7d1e708267bc5add8c03866f72,0,-2.1387025608584795,2.548566054113767
0x990b504d03eeed56654b2b5987d2365e252eafec,2,-2.1781320397205164,-1.3679803989242447
0x993b6744d4899111d364e197c76a69a9d7a2a6bb,2,-2.1781320397205164,-1.3679803989242447
0x995f5c32e23ce1a0ccb0d505f5ba46d1d1892121,2,-2.1781320397205164,-1.3679803989242447
0x99662b7e181e43ff18cecc166ae4766037ab47df,0,2.310714795708038,3.4675540701486134
0x997ef361b1be491a241ad2db7c6393bd0151745a,2,-2.1781320397205164,-1.3679803989242447
0x99b8c31ded78266f66833a8c1997cf30c44d60ef,0,-1.6015919801363063,1.8358220849870508
0x99beaab005497e56f179727aec3c478839165986,2,-2.1781320397205164,-1.3679803989242447
0x99f10e801acda6e7e105a482a90c0173f5bbda14,2,-2.1781320397205164,-1.3679803989242447
0x9a1bd54698aa2de37f7516c5b16a4391e4633bd2,2,-2.1781320397205164,-1.3679803989242447
0x9b2b6c817772cd0c18b98c191e6eb265f1bc58c4,0,-2.051845547238273,2.8074268473097455
0x9b7cccd726913ce2feae5277cb4de31f978f0ece,2,-2.1781320397205164,-1.3679803989242447
0x9c5b054c0bc574558f509a47675bbad86e609081,0,-1.5801844544088042,1.9412200891306235
0x9c9412f5bcfa09f895f082747feb91c572c7c412,2,-2.1781320397205164,-1.3679803989242447
0x9d6175a10784ddfde07e4d73846dc6ea2b42df5a,0,0.40243187849898626,3.2933485248635703
0x9df7c98c933a0cb409606a3a24b1660a70283542,0,-2.017973634051118,2.585595310366417
0x9e33e3795d4fc8d0a4c9e2d6790cc78542a9b3a4,2,-2.1781320397205164,-1.3679803989242447
0x9e8eaaf4040dd8107f1cb802ea3f00d47f70bfb0,2,-2.1781320397205164,-1.3679803989242447
0x9e93fff543d622155898f1de4408d6ba473cbcde,2,-2.1781320397205164,-1.3679803989242447
0x9ee0aeed6161c26053174add7392a7d468ab7cad,2,-2.1781320397205164,-1.3679803989242447
0x9f2982a63815631f47b99b4c5ca6118eeeaa97ee,3,12.774680359853898,0.3264663898141789
0x9f61113cb509e07325bc51362864c375c54bbd0f,2,-2.1781320397205164,-1.3679803989242447
0x9f6f00817924e2e254444d85916ae2ffd3923bd1,2,-2.1781320397205164,-1.3679803989242447
0x9feef5f51fdb694374e3d7bb3a8330631d298bfa,0,-2.0659693702766164,2.0058717164516673
0xa002932a527e08442ec370e51ef0656341e529f7,2,-2.1781320397205164,-1.3679803989242447
0xa0206e43a138cc5ca6fb22ff43bd3c8153a0727c,2,-2.1781320397205164,-1.3679803989242447
0xa084f263cfa244a81ba1dfcad783431f88a6ac4b,2,-2.1709645913650846,-1.1421307042696038
0xa09110caf0e83be6ad5416d3c23a496ba53f6aff,1,4.684800817672117,3.0600407869636035
0xa13c65a6df9dae09797c9c2beb07d78d0068c4e2,2,-2.1781320397205164,-1.3679803989242447
0xa17cf9af4c00a7c1a706aee96c8ee6443e41d69b,2,-1.5041960238334315,-0.2392721684278223
0xa19a11cb5928bf07b5b6aba256f63142343a59bc,0,-1.9331181556167358,2.0979412335258014
0xa1bb67f8a63028c78646463a521772455fe608b1,2,-2.1781320397205164,-1.3679803989242447
0xa25c59185a27c31b77b7b9781474b5997c61eee6,2,-2.1781320397205164,-1.3679803989242447
0xa2958bf0d59dd3b0323ffa6eca27ab67eb8e5694,2,-2.1781320397205164,-1.3679803989242447
0xa3503686e1d9694c4601c8947355b18783b65204,2,-2.1781320397205164,-1.3679803989242447
0xa3b37454163eca7c9b1790dbfb9d4b78583438de,0,-2.0888713123938882,1.5536170373665663
0xa3ebe9140992b0416c977ea6b5791bc545e52c2d,2,-2.1781320397205164,-1.3679803989242447
0xa47dcc127bd2487b01477d8e381dced5de5e5033,0,4.7973770230967725,2.1219541459137097
0xa54185a0656d3a7558ae2ce71fc8f2f02fab073c,2,-2.1781320397205164,-1.3679803989242447
0xa5803ba000e990f4645f58291c7d606a640b5b09,2,-2.1781320397205164,-1.3679803989242447
0xa5db93fa061df9a9dc89fe9a3b83a960b23993a2,2,-2.1781320397205164,-1.3679803989242447
0xa5df0cf3f95c6cd97d998b9d990a86864095d9b0,0,3.152138710270337,-0.3227120046545524
0xa5e4bd603abb04686e9db87765a1ca8f2d24b97a,2,-2.1781320397205164,-1.3679803989242447
0xa5e5237977024ffc8daf9d60a85d57c6377d7ad5,0,-2.071662191996514,1.8284025790821432
0xa6c258f8ea88489a73ee5c17d4c615b67f514e39,2,-2.1781320397205164,-1.3679803989242447
0xa6e8772af29b29b9202a073f8e36f447689beef6,3,15.781529586053995,-0.5012141744044682
0xa6f0126b36291dc3bc9a8ef565a434b394e4b01e,2,-1.5666880609522993,0.1464166681761295
0xa71a021ef66b03e45e0d85590432dfcfa1b7174c,0,-0.14894291207716367,2.72382989472645
0xa731f229b9d10fb54e5b68fdf859a7f75e29c61a,2,-2.1781320397205164,-1.3679803989242447
0xa734439d26ce4dbf43ed7eb364ec409d949bb369,2,-1.7725896931729628,-0.37450908201571304
0xa7355a9d9aa54e7e03fe96b5b7cb61b4971b9dca,0,-1.99872862172482,2.0906993918943444
0xa7860e99e3ce0752d1ac53b974e309fff80277c6,1,6.064788197349496,-0.5365512273235394
0xa97e8edf4cd35fbe740b74ed4a5dfb62977191f7,0,-1.8154043450007855,2.8610752140558016
0xaa067d4b2f3de3503a5edab36a9bb0895356de94,1,5.533671079405238,2.8323509920272545
0xaa06e0570706e5a26f7d1056e888eccdaa667c5a,2,-2.1781320397205164,-1.3679803989242447
0xaa3ef76ca95100dc14795c3c81373edb97526451,2,-2.1709645913650846,-1.1421307042696038
0xaa948d55cc3c3f67e667ca1a9c3c637224758a6f,2,-2.1781320397205164,-1.3679803989242447
0xaa96267806d5be3941bf9d8e4efc3dc8eb2bda0f,0,-0.026111684264479292,2.852997800837265
0xaaba52863cfc2f0ee79cff1df2d584a6446cddb7,3,17.02816045062614,2.2118174767677155
0xaaf0b04ca7513da89d907af4fb2cc26b5a98fc06,2,-2.1781320397205164,-1.3679803989242447
0xaafdd78af4f90ab649b94e5ef8430d27174a084c,3,17.62052812824774,-0.20688536200030622
0xab0ac7a49a3a4db65f7f2fc03fd3f64fb3bb5d5c,0,-2.064249914332715,2.6175366204225554
0xababe91a907fadff921720c43abe4098e7245e99,3,15.17609075979469,-2.292953371735009
0xabe6054ce00d1a41957971fe08e7f2826e3a5cbf,2,-2.1781320397205164,-1.3679803989242447
0xad16ebe6ffc7d96624a380f394cd64395b0c6144,3,19.962357670983565,-0.5553520759111282
0xad263964a6bd5f0b54be5d080031521a01652750,2,-2.1781320397205164,-1.3679803989242447
0xae499b4c7fbf65e08d7d359b2f911b90cbad45d3,0,-2.034009009621485,2.790688083680253
0xae79f0562c2128cc12d0ac068ac288856fe0e1ab,0,1.6514088062665795,3.1142233143335556
0xae9fc7b9a80776481ba28c734e33537de907611c,2,-2.1781320397205164,-1.3679803989242447
0xaec33540b219259716d556464d88bb6e3e6bb91f,2,-2.1781320397205164,-1.3679803989242447
0xaf184b4cbc73a9ca2f51c4a4d80ed67a2578e9f4,0,-2.0366318140725244,2.8016758283908705
0xaf2d31847216c39fc4ef453011e99d12ff210df5,2,-2.1781320397205164,-1.3679803989242447
0xaf40a179e8a77a4766d6b613cfca099008ac935a,0,-2.020950955628017,2.8047415303223926
0xaf88097460d0ba2a99c04deb30e05ff21e0dd246,3,15.059157646660875,-1.7534800256487724
0xafd5f60aa8eb4f488eaa0ef98c1c5b0645d9a0a0,0,1.0687148590782125,0.6629259764558584
0xb03fcaac721edbaa1df223ee298cd8aacef801c4,2,-2.1781320397205164,-1.3679803989242447
0xb0593d7d9315e3494d4750c5849f770deeede950,2,-2.1781320397205164,-1.3679803989242447
0xb07d75b35834cf047bdb89c2b3a41ffd218c0765,2,-2.1781320397205164,-1.3679803989242447
0xb0836e289a26f8b79c329f80bb0129175ff794e3,2,-2.1781320397205164,-1.3679803989242447
0xb221a0f172694ddbb7883c7fe37459cc25f0a406,0,-2.0384686711978866,2.783691327994546
0xb29a655f3d67b2b6724fb22b2c2303cb660c946b,1,3.4422923962468395,0.030062462418226032
0xb2fb83fcf40cdb8c22e39ee81c25fcc3f84d35ed,0,-2.1219590964372794,2.5547655697838625
0xb3074657d093eb1e264f42dec4fc28ee8fc1ec5a,2,-2.1781320397205164,-1.3679803989242447
0xb34699ad692a2d2deac0a0ce115a576a08652ff7,2,-2.1781320397205164,-1.3679803989242447
0xb42a8b4edc8d29241e2c705c500e16e93938ac6c,2,-2.1781320397205164,-1.3679803989242447
0xb4430096373a80a1b2cf5908e5aaff30f89e19d7,2,-2.1781320397205164,-1.3679803989242447
0xb4aca4d18c3f3ad9bfddd0a0dc8f669d51798dea,3,13.610679488077139,-1.349938262362194
0xb4eb49ada1ddcef7cb14a2ca780deb072c509a87,2,-2.1781320397205164,-1.3679803989242447
0xb5932a6b7d50a966aec6c74c97385412fb497540,0,-1.9070300251498944,2.317743751039838
0xb5950ce7f5dba83b50f827a343071e2cd28efd62,2,-2.1781320397205164,-1.3679803989242447
0xb5b069370ef24bc67f114e185d185063ce3479f8,1,1.8659210276668614,0.6057914380890532
0xb5c9d42561e9821266328da660337a0d4cff96e1,2,-2.1781320397205164,-1.3679803989242447
0xb72ed8401892466ea8af528c1af1d0524bc5e105,0,-1.5941564670831196,1.1380666182875447
0xb79294d00848a3a4c00c22d9367f19b4280689d7,0,-0.28316465464707913,2.5187518807774003
0xb7db6415cc4a3c95dd822526c14468e77db4bbfe,2,-2.1781320397205164,-1.3679803989242447
0xb80968eefb402c13651eeef053617a8ab100f9aa,2,-2.1781320397205164,-1.3679803989242447
0xb810536ef03fb7d35b843d1e27a93ff09542b7f9,2,-2.1781320397205164,-1.3679803989242447
0xb83bf031201753e9eb0a60ea5b7ed5c880cb8459,0,-2.133443887341492,2.558155610773277
0xb83dd48378ebfdc51ae2ec35df51109802cb3c06,2,-2.1781320397205164,-1.3679803989242447
0xb898d8e78c8691d0216ae500d7265d4397fc5ff6,3,11.814785375725915,1.0277590037480502
0xb92792552e590339a7dbf1e0d6114fbc7395c86b,0,-2.0303898215192047,2.1281023969599264
0xb933aee47c438f22de0747d57fc239fe37878dd1,0,-1.1304905480002294,1.0511788902812156
0xb987f5842914ea98b59d2a1535ce419e44ac3dfe,2,-2.1781320397205164,-1.3679803989242447
0xb9b8ef61b7851276b0239757a039d54a23804cbb,0,-1.916342612291722,2.81924629201432
0xba8d82769a2fe4e2e3f76c033b8e456c5ee40222,0,-1.0565986257308924,2.9364180860685023
0xbaf6610405bd8c60432fbd329885dae617e647ca,0,-2.1308476757712405,2.3907157219651154
0xbb9103261ddab65ab6c737d29cececf4b4172de9,2,-1.1583817273810424,-0.31476894633225394
0xbbe98d590d7eb99f4a236587f2441826396053d3,1,1.4773020833145083,0.8965454647563853
0xbc1fdbabe788128166cb1a4207d81ff807a470be,0,-2.002199502595002,2.9798781227103754
0xbcd69ce8027b930c7712290f4f0c1e8864382123,0,-1.991144072301176,2.7326665940923425
0xbdbbdb6f40a247b80fb24fec4d92606ae3173529,2,-2.1781320397205164,-1.3679803989242447
0xbe44385cfdab221c5310881f2a38e11c3e9411f0,2,-2.1781320397205164,-1.3679803989242447
0xbe836ccadcf7538de33227148bf7a01b8f91ec45,2,-2.1781320397205164,-1.3679803989242447
0xbeb985e1ef08b9f1edc1e6a6b2592b8a12e0139c,2,-2.1781320397205164,-1.3679803989242447
0xbec643bd5b7f5e9190617ca4187ef0455950c51c,3,13.772399979471796,-1.8438506252360116
0xbed91d1d7185c1489f9627b607ddd535521da000,2,-2.1781320397205164,-1.3679803989242447
0xbf122ac9ee2cdd537fe404ade218159051ba9455,0,-2.140611335696924,2.332305916118637
0xbfb496acb99299e9ece84b3fd1b3fdd0f6cddf49,0,-0.18663308052144953,1.5183897457174964
0xbfed98587c8aa0835af2bcbbefe5dd17c3f13afd,2,-2.1709645913650846,-1.1421307042696038
0xc03d802261e9bba537af6ef29d4609cc667f20a0,2,-2.1781320397205164,-1.3679803989242447
0xc09ad4da9a669bf64fb4a868685d91ce26e39fb3,2,-2.1781320397205164,-1.3679803989242447
0xc0eb64eac2afdb9d20212680be14cbc6599a5eed,2,-2.1781320397205164,-1.3679803989242447
0xc12d7163c2d383953e1a384e17cfc1ac052c2322,2,-2.1781320397205164,-1.3679803989242447
0xc13a537b16a14e91aa3e271ca6d025a3bc7c443f,2,-2.1781320397205164,-1.3679803989242447
0xc1653ab96fa78534ac795a2dc7b6ff75e4cd0112,2,-2.1709645913650846,-1.1421307042696038
0xc1682138be9616e4705954c57cf01c586bb8e670,2,-2.1781320397205164,-1.3679803989242447
0xc1a5fec68f2d70095b43bd5cbecf284e154c86f3,2,-2.1781320397205164,-1.3679803989242447
0xc1b6779e7b9add0799699c2cd0c3d2e7fa767819,2,-2.1781320397205164,-1.3679803989242447
0xc1c5e3814c9569389fa29b7cce2eb1d9ca889a30,2,-2.1781320397205164,-1.3679803989242447
0xc1d5a8dee56c581edc65a85f61e7fca6c9e6d352,2,-2.1781320397205164,-1.3679803989242447
0xc23ee6757212e200266ba1ef7cd1688724321d79,2,-0.8321392794163185,-0.5417777497660362
0xc360da51a1ca3447edcbb14537ff590f86d77359,2,-2.1781320397205164,-1.3679803989242447
0xc37b40abdb939635068d3c5f13e7faf686f03b65,0,0.051214531386953914,1.5211412316073505
0xc3e6755e6204d66688b76f3133a55088af3417df,2,-2.1781320397205164,-1.3679803989242447
0xc3e8ac233f02d13c1e299e47ae230c205e0177ed,3,16.152243272292537,-1.6458595324842562
0xc4021ea448dab1691fe740b16837c48b38fb8a34,2,-2.1781320397205164,-1.3679803989242447
0xc41ea28d04e05cc22acd86355855fe150b85d626,2,-2.1781320397205164,-1.3679803989242447
0xc43022e11aab735a0918dfe89eed3d0e425c586c,0,-1.984150888759879,2.4384120601052652
0xc4c9cf3a243b69b59aadf09aa476b0a869df0fa1,0,-2.0940280981699435,1.9149202138080648
0xc4cba16a2768c8ee81a304273a11308e87163151,2,-2.1781320397205164,-1.3679803989242447
0xc4db6848ccc39e567797acef5d28dd1561ea746d,2,-2.1781320397205164,-1.3679803989242447
0xc560d89d663b31110e164354c6377d8845ed4db3,3,17.594981093096703,-0.19388159789494808
0xc6a0d3c3d306cbb0915013cb6a7c45b89f804703,2,-1.9278983370919929,-0.12270699377528564
0xc70c5eb1e986d8907a555c37b7a7b9b6fc5c303f,2,-2.1781320397205164,-1.3679803989242447
0xc83946360b6b28ca29953400dbd28621a22d2888,2,-2.1781320397205164,-1.3679803989242447
0xc85db15f40622efcbc2c8ee52c6f5c6266596330,2,-2.1781320397205164,-1.3679803989242447
0xc8614d67d3a89c2e50984584e19b3c8320b502be,2,-2.1781320397205164,-1.3679803989242447
0xc90615e9a988835f8a2dd4b5f9038ead6770487a,2,-2.1781320397205164,-1.3679803989242447
0xca5502084a800fc1b03ca0943cee78a0716d6ae4,2,-1.9609429676975636,-0.3377896784706573
0xcaa273a327e4a277e6644486eb8be6fef853014a,2,-2.1781320397205164,-1.3679803989242447
0xcafc58de1e6a071790efbb6b83b35397023e1544,1,6.723694968885378,2.726708913863008
0xcc52d9365cf0fd1fb0542f6e7c0bc78d4f6dd30b,0,1.2246784835202984,1.4236942673083959
0xcc878369b26127bd4bc1b0b465bc8be9b92a4c62,0,-2.03759518858238,2.792037667538993
0xccde77cce57da15cc40b475e2f0a5eeb65c43b06,2,-2.1781320397205164,-1.3679803989242447
0xcdd6ec239116c84b87916dceef93d92ae0b64c1f,0,-1.8127699203391698,2.5448944859434004
0xce10c23561dce134ae20b32f8166a131c741f463,0,-2.0109396331444533,2.743132018326717
0xce2e9b97511a352ca931b51115c3ae77123f43cb,2,-2.1781320397205164,-1.3679803989242447
0xce42ed44b2e648aad37ffff6b0fd0dc809e73f87,0,-1.911776512197777,1.9214125056450624
0xce68b1394ed29ecaa6974536244d1d2aad4a2745,3,12.879540698105735,-0.38017187140317255
0xce8fdbb57681277210956b5b2238793943e189c7,2,-2.1781320397205164,-1.3679803989242447
0xcebd30b23d182dbd17022e9111236bf2d070926e,0,2.6846636270579394,1.3620167717619487
0xcec7a62efca5a4c37ba14ca7cccb4d0e1b3a009f,2,-2.1781320397205164,-1.3679803989242447
0xcec9e42c31f7bcb257cf27d59e2a3c639d326566,1,8.112467691303287,2.455415758455508
0xcf5efa2358e92034006eac53cd3701096029cbee,0,-2.012391702795928,2.321628179172888
0xcf7ce1c916d17ebc40fda2b4e56f25f248513964,2,-2.1781320397205164,-1.3679803989242447
0xcfc98bd7075970798f12467a170f56632eb10c48,2,-2.1781320397205164,-1.3679803989242447
0xcff99d96c9417960caf0337bf99a82989f3bb804,0,-2.002199502595002,2.9798781227103754
0xd0214b7e8a7821a5cb07024bc00d64ece8cc1067,0,-1.7735159114076524,2.294983105932319
0xd035dfe329f35946edd486ce51b383133f6b2f5a,0,-1.2474870031401575,0.509804871869747
0xd05a1e12eb990490e4c3d612ed77c2d30fa6b4d9,2,-2.1781320397205164,-1.3679803989242447
0xd0c417aab37c6b3acf93da6036bfe29963c5b3d9,0,-1.5421913457322673,2.834905489625346
0xd115edee06578716cb235fc8b51bd652b8237dc2,3,12.639374752542722,-0.4967129024397172
0xd1b572f9528b70df1ea79456edc8250125f2d6bb,0,-1.6560110166299065,2.0779429898856483
0xd2c2e84501c63b7b9897df063288d67060119c99,0,-2.011000843485513,1.9493853959373535
0xd333bc5c9670c9ceb18f9a2cf02c6e86807a8227,2,1.3831954562812652,-0.42336603660914857
0xd3474bd2f558b12e83810ec7d8af14f2d1d08137,0,-2.0887397213630154,2.314441260473413
0xd35629a2b7fb9f232fda6c29b72035a7dbafa3c1,0,-1.9532789599357727,2.7994297138410587
0xd38377012b2c0c4edc0a87ede46cc20ae5216e35,2,-2.1781320397205164,-1.3679803989242447
0xd39ea6043d1fa03f5be2beb2cfe65faa4ef0e595,3,12.884616672188198,-1.283756955090932
0xd3b0bd1b1d169daeea4fe6eee1c3016c6ac4fbd7,3,16.983501195976118,0.07289563747994293
0xd3efbc65713c307d3057b7e0979a996f6a9799ac,0,-1.7622579746355216,2.7721419314207147
0xd409769a2430cf7801499a732cef76bd28cdff4e,0,-1.9185865857461577,2.094646251823994
0xd4879f876ee383067f80acadbe283b93141908e9,1,5.295615128821587,-1.4600368053632797
0xd4ad5d62dce1a8bf661777a5c1df79bd12ac8f1d,0,-1.6663506266743497,1.7368724011096563
0xd5624e924afe0293ef6b2fa2ed988036f88b3ca0,2,-2.1781320397205164,-1.3679803989242447
0xd5b3e5920ee80ea681fc0bfa0735cc7dcf0fb33c,2,-2.1781320397205164,-1.3679803989242447
0xd678822b40d9dd289e7f514e27c1921665d46cc8,2,-2.1781320397205164,-1.3679803989242447
0xd74c44a52d943179ed1a2c587b67426dba879b7f,2,-2.1781320397205164,-1.3679803989242447
0xd7cdba10e135fe0076f9219962e89640f32b05b9,0,-1.9040254636217455,2.428638110897163
0xd7fe87e8090171b3d4aa63f5e8b065b0c246ecc7,2,-2.1709645913650846,-1.1421307042696038
0xd83256a8bb182e7be2382550ed24861c71108d35,0,-2.087511809629675,0.7413964039987253
0xd87cd92d54b39957d11a83f31c62fb9e61d28325,2,-2.1781320397205164,-1.3679803989242447
0xd8943a2fa43fe3339c4cd1830050ef89014d55f1,2,1.3704197209844802,0.14448435074971677
0xd8a5299a3c31497ddb7efe3e80e8eda2f1883e03,2,-2.1781320397205164,-1.3679803989242447
0xd92b50e95faa39fada60735432435e86eb936f0c,2,-0.80172531202744,0.8936335085410073
0xd98df66a873ec9b9aeaa466be2433b3872064ece,2,-2.1781320397205164,-1.3679803989242447
0xd9ae89eedf486509cc5a8ece51446310208dea78,2,-2.1781320397205164,-1.3679803989242447
0xdb50efb10549ce5ca7896b43462414d50341a326,2,-2.1781320397205164,-1.3679803989242447
0xdb5781a835b60110298ff7205d8ef9678ff1f800,0,-2.0774725305191897,1.7608337860695724
0xdc40678c88958a5d42874d5e21f03ded45518120,0,-2.064032850991715,2.573180643785789
0xdcbe18cb497d00b9341ac806ac4f5a1290066d45,3,12.504464406269282,2.17157442113477
0xdd12225d1ffb8d236da721fe87dacb88ea9f77d3,2,-2.1781320397205164,-1.3679803989242447
0xdd9dede50a8ca4a2a6a8da01ceb4c5f202b49e2d,0,-1.8114801769042927,2.1020553757064224
0xde6b2a06407575b98724818445178c1f5fd53361,0,-1.603875075339484,1.959376080985807
0xde96e75c7160d70a447a72afdb75ddfa1455c808,3,12.791014087178635,-2.043510784726492
0xdeded5579db63685c35f7aa955889fab054e153f,2,-2.1781320397205164,-1.3679803989242447
0xdf1c13b1fffa2ac5984516719cbdbfa22240efbb,3,13.680424761570913,1.476840503656076
0xdf621fcebd045e8b6df3aba556d1a68c05c0c344,2,-2.1781320397205164,-1.3679803989242447
0xdf827db1be85b1cd98c212d16406c5943f2bb78f,2,-2.1781320397205164,-1.3679803989242447
0xdfcb3df315445204856a3192d9aaa9314e75d4ea,0,-1.9226244407872823,2.2213559352605916
0xdfced067c4b0fd723deadd0c551263ed4cc7b190,0,-1.9066404870563656,2.584999510574451
0xdfe89caf65862c5b46fa22e8fa2296e05bfcbf94,0,-0.9200936271743835,1.7439260797622071
0xe099aa18a14c6a4a23ef19c0e377867138f7b0c5,2,-2.1965418285211653,-1.1300826448457189
0xe0df5b29044f583aa415c8951655ab930e3dc852,0,1.3998893623974389,1.1337199251837637
0xe16baa48fca483aee5a1c16a1b248071a6ab16e3,2,-2.1781320397205164,-1.3679803989242447
0xe196933eda97d82f52fd26708939102f0de21665,2,-2.1781320397205164,-1.3679803989242447
0xe28f767a9d6c544da2c0d02ff4dec5482f4c5f3c,0,-2.0887397213630154,2.314441260473413
0xe2a84a27440685f916cd535a05849b44ac820f01,2,-2.1781320397205164,-1.3679803989242447
0xe2c72dcf60ec2892fd3002561b730b8b6c750eed,3,16.280289757078286,-1.7063087160726216
0xe307bddba9822a36a9b755aaffb8911e64343026,2,-2.1781320397205164,-1.3679803989242447
0xe3189ac9b31c4c5379a234e3f10be2c23cd7ea17,2,-2.1781320397205164,-1.3679803989242447
0xe36b5aa3ea8190221d463b678b5991a48308c401,2,-2.1781320397205164,-1.3679803989242447
0xe43f673365f53feb7fb3d1be7bd53007108ddef0,2,-2.1781320397205164,-1.3679803989242447
0xe442145711bf3c56452f0dcc730f3ad65ce230cc,3,13.966336095316676,-1.944073671505504
0xe44751a6e3cb6c72fdaf6e14a4cedff101020cc8,2,-2.1781320397205164,-1.3679803989242447
0xe45eb50e126d99be62f80235a5b34f8be4a6915c,2,-2.1781320397205164,-1.3679803989242447
0xe48ac0deeb484f7df6d1ca554dc9bf517a0a597c,2,-1.2956597542184123,0.4404913968688424
0xe48c655276c23f1534ae2a87a2bf8a8a6585df70,0,-1.311791154728879,2.1227136078702484
0xe4b217f63fa4b9b10c87d2eae0d4a1065c6549a7,3,16.938657870293483,0.011376983454646664
0xe4b551b5e40d2dbaea7f39f1ca3ff2fd41e70eab,1,0.9410104102519008,1.2996582395310277
0xe4bbc92d50ee4cc0b625fa5705319bf343d9321e,1,4.9003019970712005,2.723429010964212
0xe5d882ba0bbca7945c8f2f09b1d8cdebb6e0e92f,0,-2.0887397213630154,2.314441260473413
0xe5f45deba7edb886504c5448fadf54cab190903f,2,-2.1781320397205164,-1.3679803989242447
0xe61d948630fefbfa7e7c1ceb6a6b2c6693f7be47,2,-2.1781320397205164,-1.3679803989242447
0xe626e8ca82603e3b44751f8562b5ed126d345140,3,13.980655176901257,-1.4912243186028413
0xe6fb82bb3c105327db2f71ab573c192e80f65c25,2,-2.1781320397205164,-1.3679803989242447
0xe740f66ff9e3af47c332770b24d192770fda929e,0,-1.9426544732525968,1.2573833243540065
0xe75850fdf5fca2eb5265311e04c4b3d24666bb74,2,-2.1781320397205164,-1.3679803989242447
0xe77884cddf148dd5f0e9191b33d8dbaddb16dfb5,0,-1.916342612291722,2.81924629201432
0xe7cff67b42be8329a259795b942e27c6b11833bf,0,-1.7944691901645382,2.872918592981581
0xe8735d27895e5f207670e07a9371160cf6ed9e38,2,-2.1781320397205164,-1.3679803989242447
0xe876a94ebaa0d8d2da4142766d8c803a7c1d8ed8,1,1.949497834691997,2.7353518140332014
0xe888e08068768889b69dc4e1d3546f456eb269e5,2,-2.1781320397205164,-1.3679803989242447
0xe8a7372c13fdeaa369cb2b6b7470a6d630686f3c,2,-0.21087406856896188,0.685707794557313
0xe8b22a88deb45c7848d394fd039b8d811511a9f3,0,-2.0303898215192047,2.1281023969599264
0xe8b384917ed2650f06406e7c7f87dd9df0080fd7,3,16.193457529430646,-0.4144782102918779
0xe92f251a5ce63a7a2521d81857573d37a7c07338,2,-2.1781320397205164,-1.3679803989242447
0xe93d59cc0bcecfd4ac204827ef67c5266079e2b5,3,15.021608161022254,-2.7025123735745895
0xe9b31f8daab3d2855cba7327a4a94b2fcbd594c1,0,-1.156377142768282,2.001627874779633
0xea172676e4105e92cc52dbf45fd93b274ec96676,3,27.510838400238473,-2.991721644082277
0xeaaed688810e48837c3f48e7ebe062cca9e2a9ab,0,7.41473616372427,1.5088189902034168
0xeabd9ab3ebe4056bd148ad06b5273f2f141efa6c,0,-2.002199502595002,2.9798781227103754
0xeb3f3f5b1ec4430451059cb6bddc984f723c037a,0,-0.7332129456013917,2.708584704476617
0xeb417be70529d525485a9c71ce428166be86e8d2,3,13.470134590008014,0.13858214297479668
0xeb6773e42c0b76c163bf97c70b59c7c9e23fa836,3,9.028008314365865,0.8842033553700752
0xeb8f7b8c27732e00bef318441422000d8ccd1e54,0,-2.012874764176906,1.2753457036169513
0xebf22f6ac2bdd152ac1984d09631945cab2b751f,0,-1.9829718825321199,2.4902234510786636
0xeca54e34cc1ae2c136d6bcbbe20d676536893e25,0,-1.0318290158796348,2.7573460437571553
0xed31c11566d425340a2f491bae57d74d8eac712d,2,-2.1781320397205164,-1.3679803989242447
0xed90682204cdfbebb77154d23841992054bd6b8c,2,-2.1781320397205164,-1.3679803989242447
0xee1f6ec2444da69893f2542eb09fdba9323cff4e,2,-2.1781320397205164,-1.3679803989242447
0xee68587766b07fc0735632842a1c5101e23a3945,2,-2.1709645913650846,-1.1421307042696038
0xeffb3684f20e1eaf0e5b8884cb133bab1b0cc626,2,-2.1781320397205164,-1.3679803989242447
0xf0037a69eac00521e871ea343ceb42200c4081b4,2,-2.1781320397205164,-1.3679803989242447
0xf0cc72bd4b6d52a7001c243f4a68ff7f764a84c8,2,-2.1781320397205164,-1.3679803989242447
0xf0e2544ea644d7eeb3b90084067226995e94d0b7,2,-2.1781320397205164,-1.3679803989242447
0xf0e69846ba8db7772cb1835a9ce2ff6d2e2e5893,2,-2.1781320397205164,-1.3679803989242447
0xf0ea58b65c82c48ce69f0abd68d178e7764c4ba2,3,17.520847049358,-1.2389816431421585
0xf130c6d8a9cdb15cd4a6e9c53d5a4d72953bc4f6,2,-2.1781320397205164,-1.3679803989242447
0xf139d72025bcde807b2ed618a065c2550e0c7c90,0,-0.18196794262568844,-1.3440839363140633
0xf18e9799ef294079ec3c312f8940741f0a03d952,0,-1.3582459993249638,2.8579884007215455
0xf1d968251fc105da8c42945beaa0af7486340af1,0,-0.7542695545564464,1.9081937885453994
0xf23a0d216a0cd1f3d5bcb0b8c325b9d61dfd7641,2,-2.1709645913650846,-1.1421307042696038
0xf324df8f3ea9f6c329757d4184ff4a9f416f0085,2,-2.1781320397205164,-1.3679803989242447
0xf33364a83b6002d5070ec5fa31f5d9eb93572732,0,-1.9949809888062886,1.3224802265028544
0xf33e850901696247cdf25579609949263f8263bc,2,-2.1781320397205164,-1.3679803989242447
0xf3a7c1f5a0e7b999a023a75c4a5c30c4de6b3383,2,-2.1781320397205164,-1.3679803989242447
0xf3ed0972bd5160a98888441485ae0cc7f0281833,2,-2.1781320397205164,-1.3679803989242447
0xf3fe8c6c75be4afb2f8200fc77339abe4d7cff33,3,16.46991551402052,-0.9882834516721188
0xf405ab652c4f4ad1e247db18b10e8e433a339c3c,2,-2.1781320397205164,-1.3679803989242447
0xf4489e31f7eed38a06d6958111ce8c1a162cb196,2,-2.1781320397205164,-1.3679803989242447
0xf4ae6324509438140199dd03a26f0b5f438e64f9,3,17.939325186846958,0.322311158037059
0xf4b0556b9b6f53e00a1fdd2b0478ce841991d8fa,3,15.11687767552657,-1.6677663103989842
0xf4fb4c77ed823f135e6fd31b0cf09ec770e27f12,0,-1.1701907205354252,1.2406007539517603
0xf548a58db6d86d466acd00fc0f6de3b39ea129d7,0,-2.0887397213630154,2.314441260473413
0xf566f2a5f8666541cbaab1c341471e2737483ebc,2,-2.1781320397205164,-1.3679803989242447
0xf5f37086b6558c5f207540c01904b1274626c27f,2,-2.1781320397205164,-1.3679803989242447
0xf61e4bcf315ce7836b0115819736fdbdf4fbc4b9,2,-2.1781320397205164,-1.3679803989242447
0xf6bc0e3662a840dc1fd939652dcc793c3edfaa1e,2,0.6827672181908088,-0.010786396702416746
0xf71c1413e74f3aec7c9963396c08325911b3cbc8,2,-2.1781320397205164,-1.3679803989242447
0xf749f35b2000f23dc7ed000d644b4d4a291db5a9,2,-2.1781320397205164,-1.3679803989242447
0xf7fe37fc92d2d7de75ac92554c07b6c68be85fed,2,-2.1781320397205164,-1.3679803989242447
0xf872a14a4df2585ff66f750fc96276dd8663670e,2,-2.1781320397205164,-1.3679803989242447
0xf8bc25cacabcf84f894ef2802e41afb25c8c2463,2,-2.1781320397205164,-1.3679803989242447
0xf8e93a7d954f7d31d5fa54bc0eb0e384412a158d,0,-0.5929341229175886,2.520163298714196
0xf8f74902ca4322b5dc2fca74d711eeb835e106d3,0,-1.8773308103928747,1.3950811019756195
0xf8fa0bb0798489445577fa7387dcb2125c361c28,0,-2.0225658710487586,2.5610253002356584
0xf92cb5d46c02824e656fee6f2978b287cf0c1e57,2,-2.1781320397205164,-1.3679803989242447
0xf92f185abd9e00f56cb11b0b709029633d1e37b4,1,1.726477231312846,1.4679420004557089
0xf9473a70724b8f79c3ea108d5cb69d042c9fe76c,1,3.7659166663985304,1.2308357308661533
0xf9551c66995ed3ff9bb05c9fd7ff148bd75dc99a,3,10.81791155486828,1.861088174233748
0xf962e636ad0700e715ef4b63504293c6fb28ce98,2,-2.1781320397205164,-1.3679803989242447
0xf9ff3d25846a4cdd43252e677a39d9c84543ed46,2,-2.1781320397205164,-1.3679803989242447
0xfabbdfc4d456b53b0118e3843cfd4aea7c228ae3,0,-1.745811212647415,1.4728456627265618
0xfb29f142a18696247c1c53392ac331cc024e36bd,2,-2.1781320397205164,-1.3679803989242447
0xfbe82589349841130791225d1756bd05157eb560,2,1.1816202139674608,0.13650503295226685
0xfc6447a4b11db5d3a572af062ccff1d24a890a5e,2,-2.1781320397205164,-1.3679803989242447
0xfc7a6e0b80b2cfcabba789ef1565af9bc5d00aa0,0,-0.7636836379904843,2.720543109357339
0xfd0d627959c57da1db0f5d2fdcbe2f84e75cbdff,2,-2.1781320397205164,-1.3679803989242447
0xfd8a8ff896ccd28efe1c4a3ef69b9c4fd3f1943d,0,-2.0193284511850447,1.090174108784635
0xfdc5b7d5a12cd8c113ddb1f49ec267cc9ee00f43,0,-1.8101006903131354,1.6816099615728
0xfe6f9cb90d0a247841600c4b9acb91330b045021,2,-2.1781320397205164,-1.3679803989242447
0xfeaa0f8486abe51f09c3992fbfe85e9bc3c9eff8,2,-2.1781320397205164,-1.3679803989242447
0xfec750fd91e8e1471413ae1f22315d9cc7d8fc67,2,-2.1781320397205164,-1.3679803989242447
0xfedc2af27231dfa70353d81adfb4eb87b1102f76,2,-2.1781320397205164,-1.3679803989242447
0xfee9dfccf606fd14c07604e03f31883cffa73084,2,-2.1781320397205164,-1.3679803989242447
0xfef3792e70af1ed7f2d3c16a5c3ef20a2b902d21,2,-2.1781320397205164,-1.3679803989242447
0xfefb1190f4f231e41a81f3203f943855111fd80e,2,-2.1781320397205164,-1.3679803989242447
0xff4eb94c4615377eecb2bd57fe7cfa0457b348c9,2,-2.1781320397205164,-1.3679803989242447
0xffc06fef1f8c21b51cb9bda3fbf103e770416a28,0,-2.002199502595002,2.9798781227103754
0xffcdce3102ec97ec4032b2f162754b1e0d133acc,0,-1.944032568493929,2.4437271196426567
